Código,Município,Valor da produção - Abacaxi (mil reais) 2010,Valor da produção - Abacaxi (mil reais) 2011,Valor da produção - Abacaxi (mil reais) 2012,Valor da produção - Abacaxi (mil reais) 2013,Valor da produção - Abacaxi (mil reais) 2014,Valor da produção - Abacaxi (mil reais) 2015,Valor da produção - Abacaxi (mil reais) 2016,Valor da produção - Abacaxi (mil reais) 2017,Valor da produção - Abacaxi (mil reais) 2018,Valor da produção - Abacaxi (mil reais) 2019,Valor da produção - Abacaxi (mil reais) 2020,Valor da produção - Algodão herbáceo (em caroço) (mil reais) 2010,Valor da produção - Algodão herbáceo (em caroço) (mil reais) 2011,Valor da produção - Algodão herbáceo (em caroço) (mil reais) 2012,Valor da produção - Algodão herbáceo (em caroço) (mil reais) 2013,Valor da produção - Algodão herbáceo (em caroço) (mil reais) 2014,Valor da produção - Algodão herbáceo (em caroço) (mil reais) 2015,Valor da produção - Algodão herbáceo (em caroço) (mil reais) 2016,Valor da produção - Algodão herbáceo (em caroço) (mil reais) 2017,Valor da produção - Algodão herbáceo (em caroço) (mil reais) 2018,Valor da produção - Algodão herbáceo (em caroço) (mil reais) 2019,Valor da produção - Algodão herbáceo (em caroço) (mil reais) 2020,Valor da produção - Amendoim (em casca) (mil reais) 2010,Valor da produção - Amendoim (em casca) (mil reais) 2011,Valor da produção - Amendoim (em casca) (mil reais) 2012,Valor da produção - Amendoim (em casca) (mil reais) 2013,Valor da produção - Amendoim (em casca) (mil reais) 2014,Valor da produção - Amendoim (em casca) (mil reais) 2015,Valor da produção - Amendoim (em casca) (mil reais) 2016,Valor da produção - Amendoim (em casca) (mil reais) 2017,Valor da produção - Amendoim (em casca) (mil reais) 2018,Valor da produção - Amendoim (em casca) (mil reais) 2019,Valor da produção - Amendoim (em casca) (mil reais) 2020,Valor da produção -Arroz (em casca) (mil reais) 2010,Valor da produção -Arroz (em casca) (mil reais) 2011,Valor da produção -Arroz (em casca) (mil reais) 2012,Valor da produção -Arroz (em casca) (mil reais) 2013,Valor da produção -Arroz (em casca) (mil reais) 2014,Valor da produção -Arroz (em casca) (mil reais) 2015,Valor da produção -Arroz (em casca) (mil reais) 2016,Valor da produção -Arroz (em casca) (mil reais) 2017,Valor da produção -Arroz (em casca) (mil reais) 2018,Valor da produção -Arroz (em casca) (mil reais) 2019,Valor da produção -Arroz (em casca) (mil reais) 2020,Valor da produção - Batata doce (mil reais) 2010,Valor da produção - Batata doce (mil reais) 2011,Valor da produção - Batata doce (mil reais) 2012,Valor da produção - Batata doce (mil reais) 2013,Valor da produção - Batata doce (mil reais) 2014,Valor da produção - Batata doce (mil reais) 2015,Valor da produção - Batata doce (mil reais) 2016,Valor da produção - Batata doce (mil reais) 2017,Valor da produção - Batata doce (mil reais) 2018,Valor da produção - Batata doce (mil reais) 2019,Valor da produção - Batata doce (mil reais) 2020,Valor da produção - Cana-de-açúcar (mil reais) 2010,Valor da produção - Cana-de-açúcar (mil reais) 2011,Valor da produção - Cana-de-açúcar (mil reais) 2012,Valor da produção - Cana-de-açúcar (mil reais) 2013,Valor da produção - Cana-de-açúcar (mil reais) 2014,Valor da produção - Cana-de-açúcar (mil reais) 2015,Valor da produção - Cana-de-açúcar (mil reais) 2016,Valor da produção - Cana-de-açúcar (mil reais) 2017,Valor da produção - Cana-de-açúcar (mil reais) 2018,Valor da produção - Cana-de-açúcar (mil reais) 2019,Valor da produção - Cana-de-açúcar (mil reais) 2020,Valor da produção - Fava (em grão) (mil reais) 2010,Valor da produção - Fava (em grão) (mil reais) 2011,Valor da produção - Fava (em grão) (mil reais) 2012,Valor da produção - Fava (em grão) (mil reais) 2013,Valor da produção - Fava (em grão) (mil reais) 2014,Valor da produção - Fava (em grão) (mil reais) 2015,Valor da produção - Fava (em grão) (mil reais) 2016,Valor da produção - Fava (em grão) (mil reais) 2017,Valor da produção - Fava (em grão) (mil reais) 2018,Valor da produção - Fava (em grão) (mil reais) 2019,Valor da produção - Fava (em grão) (mil reais) 2020,Valor da produção - Feijão (em grão) (mil reais) 2010,Valor da produção - Feijão (em grão) (mil reais) 2011,Valor da produção - Feijão (em grão) (mil reais) 2012,Valor da produção - Feijão (em grão) (mil reais) 2013,Valor da produção - Feijão (em grão) (mil reais) 2014,Valor da produção - Feijão (em grão) (mil reais) 2015,Valor da produção - Feijão (em grão) (mil reais) 2016,Valor da produção - Feijão (em grão) (mil reais) 2017,Valor da produção - Feijão (em grão) (mil reais) 2018,Valor da produção - Feijão (em grão) (mil reais) 2019,Valor da produção - Feijão (em grão) (mil reais) 2020,Valor da produção - Fumo (em folha) (mil reais) 2010,Valor da produção - Fumo (em folha) (mil reais) 2011,Valor da produção - Fumo (em folha) (mil reais) 2012,Valor da produção - Fumo (em folha) (mil reais) 2013,Valor da produção - Fumo (em folha) (mil reais) 2014,Valor da produção - Fumo (em folha) (mil reais) 2015,Valor da produção - Fumo (em folha) (mil reais) 2016,Valor da produção - Fumo (em folha) (mil reais) 2017,Valor da produção - Fumo (em folha) (mil reais) 2018,Valor da produção - Fumo (em folha) (mil reais) 2019,Valor da produção - Fumo (em folha) (mil reais) 2020,Valor da produção - Mandioca (mil reais) 2010,Valor da produção - Mandioca (mil reais) 2011,Valor da produção - Mandioca (mil reais) 2012,Valor da produção - Mandioca (mil reais) 2013,Valor da produção - Mandioca (mil reais) 2014,Valor da produção - Mandioca (mil reais) 2015,Valor da produção - Mandioca (mil reais) 2016,Valor da produção - Mandioca (mil reais) 2017,Valor da produção - Mandioca (mil reais) 2018,Valor da produção - Mandioca (mil reais) 2019,Valor da produção - Mandioca (mil reais) 2020,Valor da produção - Melancia (mil reais) 2010,Valor da produção - Melancia (mil reais) 2011,Valor da produção - Melancia (mil reais) 2012,Valor da produção - Melancia (mil reais) 2013,Valor da produção - Melancia (mil reais) 2014,Valor da produção - Melancia (mil reais) 2015,Valor da produção - Melancia (mil reais) 2016,Valor da produção - Melancia (mil reais) 2017,Valor da produção - Melancia (mil reais) 2018,Valor da produção - Melancia (mil reais) 2019,Valor da produção - Melancia (mil reais) 2020,Valor da produção - Melão (mil reais) 2010,Valor da produção - Melão (mil reais) 2011,Valor da produção - Melão (mil reais) 2012,Valor da produção - Melão (mil reais) 2013,Valor da produção - Melão (mil reais) 2014,Valor da produção - Melão (mil reais) 2015,Valor da produção - Melão (mil reais) 2016,Valor da produção - Melão (mil reais) 2017,Valor da produção - Melão (mil reais) 2018,Valor da produção - Melão (mil reais) 2019,Valor da produção - Melão (mil reais) 2020,Valor da produção - Milho (em grão) (mil reais) 2010,Valor da produção - Milho (em grão) (mil reais) 2011,Valor da produção - Milho (em grão) (mil reais) 2012,Valor da produção - Milho (em grão) (mil reais) 2013,Valor da produção - Milho (em grão) (mil reais) 2014,Valor da produção - Milho (em grão) (mil reais) 2015,Valor da produção - Milho (em grão) (mil reais) 2016,Valor da produção - Milho (em grão) (mil reais) 2017,Valor da produção - Milho (em grão) (mil reais) 2018,Valor da produção - Milho (em grão) (mil reais) 2019,Valor da produção - Milho (em grão) (mil reais) 2020,Valor da produção - Soja (em grão) (mil reais) 2010,Valor da produção - Soja (em grão) (mil reais) 2011,Valor da produção - Soja (em grão) (mil reais) 2012,Valor da produção - Soja (em grão) (mil reais) 2013,Valor da produção - Soja (em grão) (mil reais) 2014,Valor da produção - Soja (em grão) (mil reais) 2015,Valor da produção - Soja (em grão) (mil reais) 2016,Valor da produção - Soja (em grão) (mil reais) 2017,Valor da produção - Soja (em grão) (mil reais) 2018,Valor da produção - Soja (em grão) (mil reais) 2019,Valor da produção - Soja (em grão) (mil reais) 2020,Valor da produção - Tomate (mil reais) 2010,Valor da produção - Tomate (mil reais) 2011,Valor da produção - Tomate (mil reais) 2012,Valor da produção - Tomate (mil reais) 2013,Valor da produção - Tomate (mil reais) 2014,Valor da produção - Tomate (mil reais) 2015,Valor da produção - Tomate (mil reais) 2016,Valor da produção - Tomate (mil reais) 2017,Valor da produção - Tomate (mil reais) 2018,Valor da produção - Tomate (mil reais) 2019,Valor da produção - Tomate (mil reais) 2020
2700102,Água Branca,0,0,0,0,0,0,0,0,0,0,0,7,7,3,8,11,10,7,7,3,6,10,0,0,0,0,0,0,0,0,0,0,0,0,0,0,0,0,0,0,0,0,0,0,0,0,0,0,0,0,0,0,54,77,69,89,107,129,213,221,270,24,29,40,63,53,0,0,0,0,0,0,0,0,0,0,0,1098,839,14,73,251,22,0,321,0,653,0,0,0,0,0,0,0,0,0,0,0,0,540,468,166,180,183,351,341,335,344,649,784,0,0,0,0,0,0,0,110,114,338,157,0,0,0,0,0,0,0,0,0,0,0,202,175,2,0,21,3,0,171,0,0,155,0,0,0,0,0,0,0,0,0,0,0,0,0,0,0,0,0,0,0,0,137,155
2700201,Anadia,136,112,125,238,151,261,555,225,126,237,194,0,0,0,0,0,0,0,0,62,82,2470,0,0,0,0,0,0,143,131,134,313,270,0,0,0,0,0,0,0,0,1105,1600,0,0,0,0,0,0,0,74,203,191,300,300,23598,34804,32882,32737,32665,16441,14466,9259,6659,12836,6811,0,0,0,0,0,0,0,0,0,0,0,47,62,92,83,68,68,209,455,2289,3559,5982,0,0,0,0,0,0,0,0,0,0,0,143,143,170,308,248,847,1856,1877,910,405,835,0,0,0,0,0,0,0,0,0,0,0,0,0,0,0,0,0,0,0,0,0,0,5,6,12,4,5,5,6,16,2646,6588,17383,0,0,0,0,0,0,0,0,558,3375,2162,0,0,0,0,0,0,0,0,0,0,0
2700300,Arapiraca,1552,1546,778,3750,7500,5625,3000,3240,3600,4600,8145,26,20,0,0,0,0,0,0,0,0,0,0,0,0,0,0,0,164,318,273,390,587,0,0,0,0,0,0,0,0,0,0,0,246,276,360,660,750,1500,2000,2520,2532,2000,3000,994,2482,2081,2880,2880,1232,2211,1788,128,30,270,0,0,0,0,0,0,63,63,18,26,26,3361,1602,44,1950,928,1600,660,1306,69,1014,1534,8439,4967,11400,4560,5472,5016,5600,5400,22500,16650,20160,11700,14940,49638,22000,16700,15860,14000,28350,10790,7500,14631,0,0,0,0,0,0,0,0,0,0,0,0,0,0,0,0,0,0,0,0,0,0,540,860,5,114,23,54,32,413,30,120,1800,0,0,0,0,0,0,0,0,0,0,0,55,72,1026,960,864,338,960,900,2700,3250,2351
2700409,Atalaia,22,24,23,0,53,55,105,156,105,185,123,0,0,0,0,0,0,0,0,0,0,0,7,10,0,0,0,0,0,17,12,41,38,0,0,0,0,0,0,0,0,0,0,0,84,71,68,206,329,113,228,456,207,608,700,57486,81086,69189,71578,79528,54198,43817,39780,46472,56450,45950,0,0,0,0,0,0,25,75,48,80,90,0,0,0,31,30,32,0,144,66,76,105,0,0,0,0,0,0,0,0,0,0,0,111,82,0,49,24,18,397,360,326,375,450,0,0,0,0,0,0,0,16,19,100,100,0,0,0,0,0,0,0,0,0,0,0,0,0,0,5,9,5,19,18,18,32,34,0,0,0,0,0,0,0,0,0,0,0,0,0,0,0,0,0,0,0,0,0,0
2700508,Barra de Santo Antônio,0,0,0,0,0,0,0,0,0,0,0,0,0,0,0,0,0,0,0,0,0,0,0,0,0,0,0,0,0,0,0,0,0,0,0,0,0,0,0,0,0,0,0,0,3,4,0,0,0,0,0,0,8,13,13,6525,9776,8167,9440,9534,8164,7315,5778,9660,12070,10520,0,0,0,0,0,0,0,0,0,0,0,0,0,0,0,0,0,0,0,0,0,0,0,0,0,0,0,0,0,0,0,0,0,51,58,17,172,42,0,16,85,188,288,288,0,0,0,16,0,0,0,0,0,17,17,0,0,0,0,0,0,0,0,0,0,0,0,0,0,0,0,0,0,0,0,0,0,0,0,0,0,0,0,0,0,0,0,0,0,0,0,0,0,0,0,0,0,0,0
2700607,Barra de São Miguel,0,0,0,0,0,0,0,0,0,0,0,0,0,0,0,0,0,0,0,0,0,0,0,0,0,0,0,0,0,0,0,0,0,0,0,0,0,0,0,0,0,0,0,0,0,0,0,0,0,0,0,0,0,0,0,3857,5788,4828,5580,5635,4608,4127,2974,10330,12928,8884,0,0,0,0,0,0,0,0,0,0,0,0,0,0,9,0,0,0,0,0,0,0,0,0,0,0,0,0,0,0,0,0,0,61,61,42,47,20,90,65,0,0,3108,5031,0,0,0,0,0,0,0,0,0,0,0,0,0,0,0,0,0,0,0,0,0,0,0,0,0,0,0,0,0,0,0,0,0,0,0,0,0,0,0,0,0,0,0,0,0,0,0,0,0,0,0,0,0,0,0
2700706,Batalha,0,0,0,0,0,0,0,0,0,0,0,6,0,0,0,0,0,0,0,0,0,0,0,0,0,0,0,0,0,0,0,0,0,0,0,0,0,0,0,0,0,0,0,0,0,0,0,0,0,0,0,0,0,32,32,0,0,0,0,0,0,0,0,0,0,0,0,0,0,0,0,0,0,0,0,0,0,450,288,108,300,200,425,0,180,3,9,0,0,0,0,0,0,0,0,0,0,0,0,21,32,84,72,35,35,0,0,0,8,3,0,0,0,0,0,0,0,0,0,19,19,0,0,0,0,0,0,0,0,0,0,0,250,2275,0,0,0,0,5,315,8,420,0,0,0,0,0,0,0,0,0,0,0,0,0,0,0,0,0,0,0,0,0,0,0
2700805,Belém,0,13,14,10,0,0,0,0,0,0,0,0,0,0,0,0,0,0,0,0,0,0,0,0,0,0,0,0,0,0,0,0,0,0,0,0,0,0,0,0,0,0,0,0,25,38,40,42,37,85,84,74,108,111,180,0,0,0,0,0,0,0,0,0,0,0,0,0,0,0,2,2,4,5,4,10,6,147,94,40,63,45,132,224,45,127,174,186,0,0,0,0,0,0,0,0,0,0,0,192,224,1002,981,161,180,137,174,264,174,317,0,0,0,0,0,0,0,0,0,0,0,0,0,0,0,0,0,0,0,0,0,0,38,57,5,33,52,96,18,65,85,84,154,0,0,0,0,0,0,0,0,0,0,0,0,0,0,0,0,0,0,0,0,0,0
2700904,Belo Monte,0,0,0,0,0,0,0,0,0,0,0,0,0,0,0,0,0,0,0,0,0,0,0,0,0,0,0,0,0,0,0,0,0,0,0,0,0,0,0,0,0,0,0,0,0,0,0,0,0,0,0,131,212,88,194,0,0,0,0,0,0,0,0,0,0,0,0,0,0,0,0,0,0,0,0,0,0,300,100,45,1200,800,1824,24,275,196,143,62,0,0,0,0,0,0,0,0,15,51,18,54,77,203,3360,1370,1370,63,154,154,200,163,0,0,0,0,0,0,0,0,0,0,0,0,0,0,0,0,0,0,0,0,0,0,250,49,0,46,42,60,0,96,0,96,72,0,0,0,0,0,0,0,0,0,0,0,0,0,0,0,0,0,0,0,0,0,0
2701001,Boca da Mata,0,0,0,0,259,259,420,588,1800,1584,2429,0,0,0,0,0,0,0,0,0,0,0,0,0,0,0,58,114,373,675,468,540,1320,0,0,0,0,0,0,0,0,0,0,0,0,0,0,0,161,161,1193,7740,2475,3025,7000,38303,55001,50292,51483,3377,51556,50964,24000,47580,52094,37870,0,0,0,0,0,0,28,95,90,0,400,29,34,53,47,56,59,243,1084,253,272,302,0,0,0,0,0,0,0,0,0,0,0,20,25,30,36,413,336,874,2875,2559,1394,6288,0,0,0,0,0,0,67,342,214,740,2090,0,0,0,0,0,0,0,0,0,0,0,5,7,9,4,17,17,23,177,39,47,92,0,0,0,0,0,0,0,0,0,0,0,0,0,0,0,0,0,0,0,0,0,0
2701100,Branquinha,48,40,24,27,59,180,2763,1920,720,1800,4200,0,0,0,0,0,0,0,0,0,0,0,0,0,0,0,0,0,0,0,0,9,9,0,0,0,0,0,0,0,0,0,0,0,136,144,260,140,169,224,465,875,560,666,666,12994,18047,17570,16576,18384,22204,18792,21280,1820,2384,4335,1,2,7,3,3,3,4,28,8,24,24,87,92,13,38,39,22,84,513,180,60,60,0,0,0,0,0,0,0,0,0,0,0,160,195,456,270,168,301,2061,10400,3220,2400,7806,0,0,0,0,0,0,0,150,204,500,390,0,0,0,0,0,0,0,0,0,0,0,9,10,14,12,12,15,5,150,85,56,56,0,0,0,0,0,0,0,0,0,0,0,0,0,0,0,0,0,0,0,0,90,90
2701209,Cacimbinhas,0,0,0,0,0,0,0,0,0,0,0,1,3,0,0,0,0,0,0,0,0,0,0,0,0,0,0,0,0,0,0,0,0,0,0,0,0,0,0,0,0,0,0,0,0,0,0,0,0,0,0,0,0,0,0,0,0,0,0,0,0,0,0,0,0,0,0,0,0,0,0,0,0,0,0,0,0,1033,672,6,355,313,615,15,38,0,66,98,0,0,0,0,0,0,0,0,0,0,0,10,14,9,15,0,0,0,0,0,0,0,0,0,0,0,0,0,0,0,0,0,0,0,0,0,0,0,0,0,0,0,0,0,201,273,0,79,80,8,0,25,2,27,60,0,0,0,0,0,0,0,0,0,0,0,0,0,0,0,0,0,0,0,0,0,0
2701308,Cajueiro,0,0,0,0,0,0,0,0,57,60,120,0,0,0,0,0,0,0,0,0,0,0,0,0,0,0,0,0,0,0,15,0,6,0,0,0,0,0,0,0,0,0,0,0,63,24,31,57,60,34,59,1440,887,1213,975,10545,15216,13199,17388,14604,1493,1298,486,1133,1620,1040,0,0,0,0,0,0,12,27,84,114,99,0,0,0,0,8,12,15,24,228,231,576,0,0,0,0,0,0,0,0,0,0,0,44,35,9,18,10,14,100,945,1788,660,800,0,0,0,0,0,0,0,0,0,0,0,0,0,0,0,0,0,0,0,0,0,0,0,0,0,0,0,2,5,20,105,113,298,0,0,0,0,0,0,0,0,0,0,0,0,0,0,0,0,0,0,0,0,0,0
2701357,Campestre,36,37,35,41,92,83,55,180,180,192,100,0,0,0,0,0,0,0,0,0,0,0,0,0,0,0,0,0,0,0,0,0,0,0,0,0,0,0,0,0,0,0,0,0,0,0,0,0,0,0,42,107,540,405,405,8202,11716,10477,11716,11716,10033,9565,10400,6176,5956,4686,0,0,0,0,0,0,0,0,0,0,0,2,2,2,4,5,3,3,50,5,33,12,0,0,0,0,0,0,0,0,0,0,0,25,25,31,25,72,60,348,400,476,457,305,0,0,0,0,0,0,0,28,28,80,80,0,0,0,0,0,0,0,0,0,0,0,2,3,0,4,0,0,0,0,0,0,0,0,0,0,0,0,0,0,0,0,0,0,0,0,0,0,0,0,0,0,0,0,0
2701407,Campo Alegre,0,0,0,0,0,158,346,429,405,405,450,0,0,0,0,0,0,0,0,0,0,0,0,0,0,0,19,18,72,120,118,324,360,0,0,0,0,0,0,0,0,700,0,0,0,0,0,0,0,125,449,540,536,756,1335,48511,70796,64944,68700,61308,55384,57469,46475,43702,51568,47154,0,0,0,0,0,0,14,0,0,5,0,34,45,20,44,99,165,816,625,247,333,558,0,0,0,0,0,0,0,0,0,0,0,99,120,147,214,260,437,679,6825,6588,2040,4207,0,0,0,0,0,0,105,198,64,86,190,0,0,0,0,0,0,0,0,0,0,0,0,0,0,2,4,7,97,600,740,2000,420,0,0,0,0,0,109,295,300,479,1458,1799,0,0,0,0,0,0,0,0,0,0,0
2701506,Campo Grande,0,0,0,0,0,0,0,0,0,0,0,0,0,1,0,0,0,0,0,0,0,0,0,0,0,0,54,90,54,146,147,168,71,0,0,0,0,0,0,0,0,0,0,0,5,7,12,11,18,144,207,399,332,291,167,0,0,0,0,0,0,0,0,0,0,0,1,2,2,1,2,6,5,2,5,5,3,97,54,28,35,50,21,6,352,56,65,15,67,60,69,43,78,72,29,30,244,455,143,307,67,56,90,101,92,213,645,146,66,129,0,0,0,0,0,0,0,0,0,0,0,0,0,0,0,0,0,0,0,0,0,0,49,36,19,15,20,40,14,189,140,83,28,0,0,0,0,0,0,0,0,0,0,0,0,0,0,0,0,0,0,0,0,0,0
2701605,Canapi,0,0,0,0,0,0,0,0,0,0,0,0,0,0,0,0,0,0,0,0,3,28,0,0,0,0,0,0,0,0,0,0,0,0,0,0,0,0,0,0,0,0,0,0,0,0,0,0,0,0,0,51,77,72,70,0,0,0,0,0,0,0,0,0,0,0,0,0,0,0,0,0,0,0,0,0,0,975,1155,19,91,287,9,0,522,0,101,0,0,0,0,0,0,0,0,0,0,0,0,323,266,159,171,173,201,90,183,59,89,101,0,0,0,0,0,0,0,29,26,0,23,0,0,0,0,0,0,0,0,0,0,0,196,179,2,0,51,1,0,58,0,8,2,0,0,0,0,0,0,0,0,0,0,0,0,0,0,0,0,0,0,143,168,316,158
2701704,Capela,0,0,0,0,0,0,0,0,0,0,0,0,0,0,0,0,0,0,0,0,0,0,0,0,0,0,0,0,19,0,18,12,11,0,0,0,0,0,0,0,0,0,0,0,46,35,33,55,102,75,147,272,788,852,985,23704,33646,29090,43453,31607,28034,24601,8125,7125,9339,8728,0,0,0,0,0,0,0,0,105,126,198,0,0,0,0,13,12,0,120,109,70,81,0,0,0,0,0,0,0,0,0,0,0,44,26,8,17,16,18,1033,3325,2505,950,2089,0,0,0,0,0,0,0,180,244,188,259,0,0,0,0,0,0,0,0,0,0,0,0,0,0,0,0,0,0,0,24,8,19,0,0,0,0,0,0,0,0,0,0,0,0,0,0,0,0,0,0,0,0,0,250
2701803,Carneiros,0,0,0,0,0,0,0,0,0,0,0,1,1,0,0,0,0,0,0,0,0,0,0,0,0,0,0,0,0,0,0,0,0,0,0,0,0,0,0,0,0,0,0,0,0,0,0,0,0,0,0,0,0,0,0,0,0,0,0,0,0,0,0,0,0,0,0,0,0,0,0,0,0,0,0,0,0,325,204,13,299,83,132,9,59,3,30,160,0,0,0,0,0,0,0,0,0,0,0,10,20,19,7,7,11,12,20,80,72,143,0,0,0,0,0,0,0,0,0,0,0,0,0,0,0,0,0,0,0,0,0,0,74,64,3,40,65,9,2,25,8,72,90,0,0,0,0,0,0,0,0,0,0,0,0,0,0,0,0,0,0,0,0,0,0
2701902,Chã Preta,0,0,0,0,0,0,0,0,0,0,0,0,0,0,0,0,0,0,0,0,0,0,0,0,0,0,0,0,0,0,0,0,0,0,0,0,0,0,0,0,0,0,0,0,84,99,89,204,242,119,1080,2700,5160,5794,6410,227,330,296,284,297,341,0,60,76,272,97,0,0,0,0,0,0,0,0,300,720,960,0,0,0,31,13,30,12,176,200,262,420,0,0,0,0,0,0,0,0,0,0,0,75,40,15,40,32,36,180,304,720,630,1932,0,0,0,0,0,0,0,360,484,205,120,0,0,0,0,0,0,0,0,0,0,0,0,0,0,5,35,7,48,75,78,144,218,0,0,0,0,0,0,0,0,0,0,0,0,0,0,0,0,0,300,216,130,255,240
2702009,Coité do Nóia,280,276,201,1000,1300,1500,1500,772,1480,3300,1800,6,4,0,0,0,0,0,0,0,0,0,0,0,0,0,0,0,0,10,2,5,14,0,0,0,0,0,0,0,0,0,0,0,0,0,0,0,0,0,0,77,231,200,118,0,0,0,0,0,0,0,0,0,0,0,0,0,0,0,0,0,0,60,0,0,0,240,120,150,180,129,285,178,360,150,139,224,471,225,216,180,180,130,81,405,720,720,963,457,691,4772,2520,2502,1707,1230,3698,1802,1400,4299,0,0,0,0,0,0,0,0,0,0,0,0,0,0,0,0,0,0,0,0,0,0,125,300,2,15,15,388,15,1399,64,144,216,0,0,0,0,0,0,0,0,0,0,0,0,0,0,0,0,0,0,0,0,0,0
2702108,Colônia Leopoldina,91,79,73,41,88,300,517,972,1890,2940,3000,0,0,0,0,0,0,0,0,0,0,0,0,0,0,0,0,0,0,0,0,18,18,0,0,0,0,0,0,0,0,0,0,0,72,78,190,75,91,146,146,0,30,311,230,18062,27556,28941,27304,30282,30548,30728,32500,18116,13527,9900,4,5,21,6,3,3,0,175,0,0,0,39,33,64,46,51,56,25,24,16,78,63,0,0,0,0,0,0,0,0,0,0,0,81,92,223,136,105,113,249,775,220,720,1800,0,0,0,0,0,0,0,0,0,32,15,0,0,0,0,0,0,0,0,0,0,0,5,8,7,9,8,8,2,0,4,40,40,0,0,0,0,0,0,0,0,0,0,0,0,0,0,0,0,0,0,0,0,0,0
2702207,Coqueiro Seco,0,0,0,0,0,0,0,0,0,0,34,0,0,0,0,0,0,0,0,0,0,0,0,0,0,0,0,0,0,0,0,0,0,0,0,0,0,0,0,0,0,0,0,0,49,49,0,0,0,0,0,0,0,0,0,1304,1873,1570,1814,1832,1569,1407,1080,1080,1487,200,0,0,0,0,0,0,0,0,0,0,0,5,6,0,0,0,0,0,0,0,0,0,0,0,0,0,0,0,0,0,0,0,0,56,63,70,360,150,357,326,510,390,273,304,0,0,0,0,0,0,0,0,0,0,0,0,0,0,0,0,0,0,0,0,0,0,0,0,0,0,0,0,0,0,0,0,0,0,0,0,0,0,0,0,0,0,0,0,0,0,0,0,0,0,0,0,0,180,0
2702306,Coruripe,701,904,391,1105,3456,10224,8355,8756,3168,5640,2300,0,0,0,0,0,0,0,0,0,0,0,12,12,13,13,24,188,488,306,228,228,480,0,0,0,0,0,0,0,0,0,0,0,0,0,0,0,180,324,675,518,500,600,1380,157549,226231,209171,225037,177992,143571,154517,104400,154340,177188,176636,0,0,0,0,0,12,14,40,12,27,27,209,255,139,146,183,290,4092,1154,2266,1941,1701,0,0,0,0,0,0,0,0,0,0,0,390,390,212,364,224,1453,3989,3269,5978,2874,6559,33,39,0,5,109,375,1820,1260,3240,2556,1881,0,0,0,0,0,0,0,0,0,0,0,77,90,13,4,32,30,6682,2486,7200,7920,17496,0,0,0,0,0,0,420,0,0,0,0,0,0,0,0,0,0,270,130,192,550,320
2702355,Craíbas,0,0,0,0,0,0,0,180,0,0,0,15,11,0,0,0,0,0,0,0,0,0,0,0,0,0,0,0,0,13,5,20,17,0,0,0,0,0,0,0,0,0,0,0,0,0,0,0,0,0,0,70,0,0,0,0,0,0,0,0,0,0,0,0,0,0,0,0,0,0,0,0,0,12,0,0,0,485,79,5,90,57,30,24,450,2,45,30,3916,2454,2500,1200,1200,4200,1080,3000,6750,8550,7920,540,641,6781,400,140,140,255,761,165,135,100,0,0,0,0,0,0,0,0,0,0,0,0,0,0,0,0,0,0,0,0,0,0,250,605,2,21,20,5550,1,1275,0,336,4900,0,0,0,0,0,0,0,0,0,0,0,0,0,0,0,0,0,0,0,0,0,150
2702405,Delmiro Gouveia,0,0,0,0,0,0,0,0,0,0,0,0,13,0,0,0,0,0,0,0,0,0,0,0,0,0,0,0,0,0,6,20,0,0,0,0,0,0,0,0,0,0,0,0,0,0,0,0,0,0,0,300,545,556,680,0,0,0,0,0,0,0,0,0,0,0,0,0,0,0,0,0,0,0,0,0,0,745,646,0,63,87,10,0,724,0,21,412,0,0,0,0,0,0,0,0,0,0,0,10,11,0,0,0,0,0,0,212,194,700,0,0,0,0,0,0,0,559,338,1578,2268,0,0,0,0,0,0,0,0,0,0,0,183,109,25,0,23,0,0,75,0,0,105,0,0,0,0,0,0,0,0,0,0,0,0,0,0,0,0,0,0,0,0,515,660
2702504,Dois Riachos,0,0,0,0,0,0,0,0,0,0,0,4,0,0,0,0,0,0,0,0,0,0,0,0,0,0,0,0,0,0,0,0,0,0,0,0,0,0,0,0,0,0,0,0,0,0,0,0,0,0,0,0,0,0,0,0,0,0,0,0,0,0,0,0,0,0,0,0,0,0,0,0,0,4,0,0,0,347,1060,18,902,393,543,0,107,0,183,67,0,0,0,0,0,0,0,0,0,0,0,16,81,57,10,0,0,0,0,0,0,0,0,0,0,0,0,0,0,5,0,0,0,0,0,0,0,0,0,0,0,0,0,0,352,437,3,242,151,1,0,89,0,48,14,0,0,0,0,0,0,0,0,0,0,0,0,0,0,0,0,0,0,0,0,0,0
2702553,Estrela de Alagoas,0,0,0,0,0,0,0,0,0,0,0,0,0,0,0,0,0,0,0,0,0,0,0,0,0,0,0,0,0,0,0,0,0,0,0,0,0,0,0,0,0,0,0,0,0,0,0,0,0,0,0,0,0,0,0,0,0,0,0,0,0,0,0,0,0,0,12,9,1,2,5,3,6,3,0,5,6,1576,698,128,204,103,153,16,238,12,202,450,0,0,0,0,0,0,0,0,0,0,0,198,210,540,607,179,78,210,210,396,248,248,0,0,0,0,0,0,0,0,0,0,0,0,0,0,0,0,0,0,0,0,0,0,308,224,4,39,31,10,1,76,0,12,90,0,0,0,0,0,0,0,0,0,0,0,0,0,0,0,0,0,0,0,0,0,0
2702603,Feira Grande,0,0,0,0,0,0,0,0,113,188,150,15,18,0,0,0,0,0,0,0,0,0,0,0,0,210,175,480,740,1000,960,1056,1198,0,0,0,0,0,0,0,0,0,0,0,1890,1575,9765,720,3956,1620,2170,3803,2745,3655,3380,0,0,0,0,0,0,82,975,624,1980,987,0,0,0,0,0,0,0,56,0,0,0,235,173,135,300,220,400,340,900,160,402,242,2957,1610,1600,1200,1200,1800,450,2340,10500,6240,3600,1352,1814,4219,2800,1520,1520,1990,12375,3220,2000,3685,0,0,0,0,0,0,0,0,0,0,0,0,0,0,0,0,0,0,0,0,0,0,225,221,0,6,6,9,50,360,3,18,12,0,0,0,0,0,0,0,0,0,0,0,0,0,0,0,0,0,440,124,203,525,405
2702702,Feliz Deserto,0,0,0,0,0,0,0,0,50,75,72,0,0,0,0,0,0,0,0,0,0,0,0,0,0,0,0,0,0,0,29,35,26,0,0,0,0,0,0,0,0,0,0,0,0,0,0,0,0,0,0,0,170,152,136,7703,10862,9234,10842,10997,9157,10389,11160,9000,11410,9905,0,0,0,0,0,0,0,0,0,0,0,3,4,2,3,3,5,11,44,54,42,47,0,0,0,0,0,0,0,0,0,0,0,3,3,3,5,6,53,82,194,247,69,120,0,0,0,0,0,0,0,43,43,60,77,0,0,0,0,0,0,0,0,0,0,0,0,0,0,0,0,0,0,5,25,39,24,0,0,0,0,0,0,0,0,0,0,0,0,0,0,0,0,0,0,0,0,0,0
2702801,Flexeiras,32,27,24,14,28,72,802,6750,3060,7800,12800,0,0,0,0,0,0,0,0,0,0,0,0,0,0,0,0,0,0,0,0,0,0,0,0,0,0,0,0,0,0,0,0,0,35,39,95,50,61,103,450,1440,900,1350,1710,14300,20291,20878,13788,21845,22038,22143,20284,14382,16959,12268,1,2,7,6,5,6,8,24,6,7,5,39,47,87,28,31,34,46,70,3,18,20,0,0,0,0,0,0,0,0,0,0,0,80,104,189,71,90,188,1042,2200,1080,1856,6000,0,0,0,0,0,0,0,33,32,224,255,0,0,0,0,0,0,0,0,0,0,0,6,10,10,9,9,9,89,18,6,35,35,0,0,0,0,0,0,0,0,0,0,0,0,0,0,0,0,0,0,0,0,0,0
2702900,Girau do Ponciano,0,0,0,0,0,0,0,0,0,0,0,30,16,0,0,0,0,0,0,0,0,0,0,0,0,0,0,0,0,0,0,0,0,0,0,0,0,0,0,0,0,0,0,0,6,6,0,0,0,0,0,34,0,0,0,0,0,0,0,0,0,0,0,0,0,0,0,0,0,0,0,0,0,16,0,0,0,870,666,375,1650,1527,520,1060,1170,107,1509,600,3072,2100,2275,1560,1560,2184,1200,3600,7488,9744,12300,4550,4505,15902,7800,6550,6550,4360,6000,5880,1944,14127,0,0,0,0,0,0,0,0,0,0,0,0,0,0,0,0,0,0,0,0,0,0,750,858,1,152,152,0,24,263,1,220,400,0,0,0,0,0,0,0,0,0,0,0,0,0,0,0,0,0,0,0,0,0,0
2703007,Ibateguara,432,68,49,27,59,144,168,384,720,540,648,0,0,0,0,0,0,0,0,0,0,0,0,0,0,0,0,0,0,0,0,0,0,0,0,0,0,0,0,0,0,0,0,0,272,323,808,425,514,514,140,1440,1152,1470,1680,7130,10321,9873,6986,10330,10421,10480,13155,9096,7665,5408,17,20,49,21,18,8,0,49,49,42,28,97,95,152,75,82,91,18,42,60,76,85,0,0,0,0,0,0,0,0,0,0,0,161,224,541,399,305,516,1885,936,1200,539,798,0,0,0,0,0,0,0,120,375,333,399,0,0,0,0,0,0,0,0,0,0,0,73,24,23,22,22,31,0,32,35,21,21,0,0,0,0,0,0,0,0,0,0,0,0,0,0,0,0,0,0,0,0,0,0
2703106,Igaci,0,0,0,0,0,0,0,0,0,0,0,2,3,0,0,0,0,0,0,0,0,0,16,17,8,7,4,2,0,0,0,0,0,0,0,0,0,0,0,0,0,0,0,0,0,0,0,0,0,0,0,0,0,0,0,0,0,0,0,0,0,0,0,0,0,0,9,10,8,7,11,14,8,66,4,15,72,1847,2120,477,769,493,851,73,467,198,65,930,600,377,76,108,198,183,80,385,1566,2900,2208,1595,2320,5589,7717,2071,1030,1640,123,295,96,1050,0,0,0,0,0,0,0,0,0,0,0,0,0,0,0,0,0,0,0,0,0,0,635,1522,38,729,442,365,16,130,299,284,4000,0,0,0,0,0,0,0,0,0,0,0,0,0,0,0,0,0,0,0,0,0,0
2703205,Igreja Nova,0,0,0,0,0,0,0,0,58,88,440,0,0,0,0,0,0,0,0,0,0,0,0,0,0,0,0,0,0,0,192,149,148,4165,3866,4070,3236,4703,5122,4805,731,4520,7006,6058,0,0,0,0,0,0,0,127,146,175,208,22550,33296,27569,32365,49006,36409,39231,29250,17754,16267,11594,4,5,3,3,2,3,6,4,10,10,10,211,250,225,102,162,259,55,570,311,383,311,0,0,0,0,0,0,0,0,0,0,0,495,528,475,660,737,615,1081,3830,1420,948,1918,0,0,0,0,0,0,0,79,119,255,255,0,0,0,0,0,0,0,0,0,0,0,73,82,69,39,120,102,193,73,233,134,170,0,0,0,0,0,0,0,0,0,0,0,0,0,0,0,0,0,0,0,0,0,0
2703304,Inhapi,0,0,0,0,0,0,0,0,0,0,0,0,0,0,0,0,0,0,0,0,0,0,0,0,0,0,0,0,0,0,0,0,0,0,0,0,0,0,0,0,0,0,0,0,0,0,0,0,0,0,0,30,16,30,27,0,0,0,0,0,0,0,0,0,0,0,0,0,0,0,0,0,0,0,0,0,0,1071,1096,23,76,373,24,0,499,0,275,45,0,0,0,0,0,0,0,0,0,0,0,323,216,125,144,146,2,157,148,344,271,371,0,0,0,0,0,0,0,303,293,405,608,0,0,0,0,0,0,0,131,164,360,427,269,157,2,0,71,4,0,55,0,7,20,0,0,0,0,0,0,0,0,0,0,0,0,0,0,0,0,0,0,125,109,168,288
2703403,Jacaré dos Homens,0,0,0,0,0,0,...,0,0,0,0,0,0,0,0,0,0,...,0,0,0,0,0,0,0,0,0,0,...,0,0,0,0,0,0,0,0,0,0,...,0,0,0,0,0,0,0,0,0,0,...,0,0,0,0,0,0,0,0,0,0,...,0,0,0,0,0,0,0,0,0,0,...,0,0,0,0,171,24,2,38,31,62,...,40,2,15,0,0,0,0,0,0,0,...,0,0,0,0,14,23,52,0,0,0,...,7,11,28,30,0,0,0,0,0,0,...,0,0,0,0,0,0,0,0,0,0,...,0,0,0,0,62,405,0,0,0,0,...,300,0,12,0,0,0,0,0,0,0,...,0,0,0,0,0,0,0,0,0,0,...,0,0,0,0
2703502,Jacuípe,59,72,64,63,42,57,58,60,120,102,120,0,0,0,0,0,0,0,0,0,0,0,0,0,0,0,0,0,0,0,0,0,0,0,0,0,0,0,0,0,0,0,0,0,80,66,0,125,150,75,75,45,108,108,135,6323,9141,8077,9344,9105,8002,7171,6500,5530,6933,4430,0,0,0,0,0,0,0,0,0,0,0,21,25,0,28,14,21,12,48,20,20,5,0,0,0,0,0,0,0,0,0,0,0,28,28,31,444,423,260,204,150,550,580,542,0,0,0,0,0,0,0,40,46,35,46,0,0,0,0,0,0,0,0,0,0,0,14,16,0,20,0,0,0,0,0,0,0,0,0,0,0,0,0,0,0,0,0,0,0,0,0,0,0,0,0,0,0,0,0
2703601,Japaratinga,51,48,48,60,121,80,101,750,675,810,522,0,0,0,0,0,0,0,0,0,2,0,0,0,0,0,0,0,0,0,0,0,0,0,0,0,0,0,0,0,0,0,0,0,34,34,0,14,14,9,8,50,105,105,105,3561,5028,4458,5071,4416,4269,4319,3584,2560,2455,1784,0,0,0,0,0,0,0,0,0,0,0,19,15,0,5,5,5,4,138,84,128,72,0,0,0,0,0,0,0,0,0,0,0,102,110,97,257,289,300,960,2700,2700,1136,1925,0,0,0,2,10,12,18,38,95,119,119,0,0,0,0,0,0,0,0,0,0,0,9,11,0,5,0,0,0,0,0,0,0,0,0,0,0,0,0,0,0,0,0,0,0,0,0,184,184,0,0,0,0,0,0
2703700,Jaramataia,0,0,0,0,0,0,0,0,0,0,0,3,0,0,0,0,0,0,0,0,0,0,0,0,0,0,0,0,0,0,0,0,0,0,0,0,0,0,0,0,0,0,0,0,0,0,0,0,0,0,0,0,0,0,0,0,0,0,0,0,0,0,0,0,0,0,0,0,0,0,0,0,0,0,0,0,0,360,288,72,450,243,450,0,36,3,30,8,0,0,0,0,0,0,0,10,12,45,21,0,0,0,0,0,0,0,0,0,32,0,0,0,0,0,0,0,0,0,0,0,0,0,0,0,0,0,0,0,0,0,0,0,250,950,0,0,0,0,0,450,1,11,192,0,0,0,0,0,0,0,0,0,0,0,0,0,0,0,0,0,0,0,0,0,0
2703759,Jequiá da Praia,0,0,0,0,0,0,0,90,54,221,231,0,0,0,0,0,0,0,0,0,0,0,0,0,0,13,19,15,31,30,13,165,180,0,0,0,0,0,0,0,0,0,0,0,0,0,0,0,0,0,0,0,32,112,29,43680,63972,59646,65191,65396,51790,44927,51350,30254,36010,36106,0,0,0,0,0,0,0,0,2,5,2,19,24,23,30,17,30,62,18,7,8,8,0,0,0,0,0,0,0,0,0,16,0,33,42,46,64,92,78,82,86,209,405,451,0,0,0,0,0,0,0,120,35,108,0,0,0,0,0,0,0,0,0,0,0,0,6,7,4,4,6,5,318,65,9,8,21,0,0,0,0,0,0,0,0,0,0,0,0,0,0,0,0,0,0,0,0,0,0
2703809,Joaquim Gomes,61,53,49,27,59,317,2669,5000,4000,9594,9750,0,0,0,0,0,0,0,0,0,0,0,0,0,0,0,0,0,0,0,0,0,0,0,0,0,0,0,0,0,0,0,0,0,70,78,190,100,121,156,384,1120,900,1152,1800,7271,10511,11192,7919,11711,11520,10557,11735,3776,4752,3613,4,5,21,9,8,5,13,0,0,0,0,59,42,79,56,61,60,106,60,40,51,75,0,0,0,0,0,0,0,0,0,0,0,220,240,1058,675,391,1158,10423,11600,2905,2700,3600,0,0,0,0,0,0,0,250,420,171,152,0,0,0,0,0,0,0,0,0,0,0,7,2,12,11,10,1,5,59,80,32,25,0,0,0,0,0,0,0,0,0,0,0,0,0,0,0,0,0,0,0,0,0,0
2703908,Jundiá,16,13,14,17,38,19,27,19,45,60,60,0,0,0,0,0,0,0,0,0,0,0,0,0,0,0,0,0,0,0,0,0,0,0,0,0,0,0,0,0,0,0,0,0,18,19,0,30,52,48,36,180,180,228,180,7595,10867,9701,8034,8180,8131,6973,8448,8400,7270,5615,0,0,0,0,0,0,0,0,0,0,0,20,20,0,11,12,8,6,44,8,15,8,0,0,0,0,0,0,0,0,0,0,0,21,18,24,8,27,15,15,150,108,188,94,0,0,0,0,0,0,0,0,0,0,0,0,0,0,0,0,0,0,0,0,0,0,2,4,0,2,0,0,0,0,0,0,0,0,0,0,0,0,154,292,132,702,1576,954,0,0,0,0,0,0,0,0,0,0,0
2704005,Junqueiro,123,103,96,227,243,982,1647,1615,1610,1589,2266,0,0,0,0,0,0,0,0,0,0,0,40,45,30,38,48,205,1568,840,658,1087,1018,0,0,0,0,0,0,0,0,0,0,0,126,96,129,253,224,462,1105,1387,1116,1350,1789,35700,51091,47793,50520,40938,57952,50273,29054,21229,23974,36132,0,0,0,0,0,0,4,0,0,0,0,10,25,13,38,25,332,834,483,325,600,636,446,372,248,367,185,159,445,246,1862,532,399,457,382,442,831,387,6796,7399,13929,5182,3924,10772,0,0,0,0,0,0,176,219,201,130,180,0,0,0,0,0,0,0,0,0,0,0,0,0,11,2,2,37,223,140,210,163,280,0,0,0,0,0,476,595,700,784,980,555,33,36,0,0,0,0,104,180,192,440,636
2704104,Lagoa da Canoa,0,0,0,0,0,0,0,0,0,0,0,15,18,0,0,0,0,0,0,0,0,0,0,0,0,0,0,0,0,18,0,0,0,0,0,0,0,0,0,0,0,0,0,0,0,0,0,0,0,0,0,90,0,0,0,0,0,0,0,0,0,0,0,0,0,0,0,0,0,0,0,0,0,8,0,0,0,393,324,293,900,660,1011,164,1100,630,1224,1331,4782,2580,3300,1200,1200,1680,312,2025,9120,9360,9360,731,918,4041,2000,1420,1140,1810,3880,2880,1500,5007,0,0,0,0,0,0,0,0,0,0,0,0,0,0,0,0,0,0,0,0,0,0,135,127,2,57,57,75,1,240,32,105,162,0,0,0,0,0,0,0,0,0,0,0,0,0,0,0,0,0,0,0,0,0,0
2704203,Limoeiro de Anadia,331,290,238,421,12870,13536,14931,10781,12287,15750,8600,0,0,0,0,0,0,0,0,0,0,0,0,0,0,0,0,495,1796,1113,870,1479,2316,0,0,0,0,0,0,0,0,0,0,0,9,10,12,29,626,2762,495,696,814,1650,1750,12622,18124,16898,17134,18170,12331,10696,4680,2800,14581,11006,0,0,0,0,0,0,0,60,0,0,0,55,61,12,31,901,1846,3506,420,279,1230,759,297,237,173,247,150,130,403,0,0,0,0,396,324,305,509,6880,14013,10836,19590,7111,5640,8120,0,0,0,0,171,252,168,281,150,360,225,0,0,0,0,0,0,0,0,0,0,0,33,36,14,12,295,173,389,900,1350,5100,1800,0,0,0,0,0,0,0,0,0,6197,0,0,0,0,0,690,900,660,425,1140,1906,0
2704302,Maceió,0,0,0,0,0,0,0,0,0,0,0,0,0,0,0,0,0,0,0,0,0,0,0,0,0,0,0,0,0,0,0,0,0,0,0,0,0,0,0,0,0,0,0,0,0,0,0,0,0,0,0,0,0,0,0,27144,38852,32670,37760,38135,38135,29262,23933,27126,15176,13529,0,0,0,0,0,0,0,0,0,0,0,0,0,0,0,0,0,0,0,0,0,0,0,0,0,0,0,0,0,0,0,0,0,34,35,29,30,54,49,49,27,36,60,60,0,0,0,0,0,0,0,0,0,0,0,0,0,0,0,0,0,0,0,0,0,0,0,0,0,0,0,0,0,0,0,0,0,0,0,0,0,0,0,0,0,0,0,0,0,0,0,0,0,0,0,0,0,0,0
2704401,Major Isidoro,0,0,0,0,0,0,0,0,0,0,0,2,0,0,0,0,0,0,0,0,0,0,0,0,0,0,0,0,0,0,0,0,0,0,0,0,0,0,0,0,0,0,0,0,0,0,0,0,0,0,0,0,0,0,0,0,0,0,0,0,0,0,0,0,0,0,0,0,0,0,0,0,0,0,0,0,0,1418,486,7,291,254,12,17,82,2,6,153,0,0,0,0,0,0,0,0,0,0,0,0,0,0,0,0,0,0,0,0,0,0,0,0,0,0,0,0,0,0,0,0,0,0,0,0,0,0,0,0,0,0,0,0,333,1240,0,169,148,3,6,47,2,7,254,0,0,0,0,0,0,0,0,0,0,0,0,0,0,0,0,0,0,0,0,0,0
2704500,Maragogi,164,140,160,180,8236,2808,2902,9000,7000,10836,9880,0,0,0,0,0,0,0,0,0,0,0,0,0,0,0,0,0,0,0,0,0,0,0,0,0,0,0,0,0,0,0,0,0,99,99,0,99,1116,1080,480,500,500,500,500,12127,17500,15490,16537,18072,3982,13826,17824,9092,5636,4505,0,0,0,0,0,0,0,0,0,0,0,4,2,0,0,0,0,0,420,170,290,360,0,0,0,0,0,0,0,0,0,0,0,1001,1287,1170,1001,15366,8044,8044,10640,5460,1749,7411,0,0,0,0,0,0,0,228,285,285,315,0,0,0,0,0,0,0,0,0,0,0,6,8,0,11,0,0,0,0,0,0,0,0,0,0,0,0,0,0,0,0,0,0,0,0,0,0,0,0,0,60,40,120,0
2704609,Maravilha,0,0,0,0,0,0,0,0,0,0,0,3,0,0,0,0,0,0,0,0,0,0,0,0,0,0,0,0,0,0,0,0,0,0,0,0,0,0,0,0,0,0,0,0,0,0,0,0,0,0,0,0,0,0,0,0,0,0,0,0,0,0,0,0,0,0,0,0,0,0,0,0,0,0,0,0,0,426,195,4,324,29,1173,9,80,0,0,0,0,0,0,0,0,0,0,0,0,0,0,20,20,20,6,20,0,0,0,0,0,0,0,0,0,0,0,0,0,0,0,0,0,0,0,0,0,0,0,0,0,0,0,0,110,110,0,87,18,73,0,120,1,0,288,0,0,0,0,0,0,0,0,0,0,0,0,0,0,0,0,0,0,0,0,0,0
2704708,Marechal Deodoro,0,0,0,0,0,0,0,0,0,0,0,0,0,0,0,0,0,0,0,0,0,0,0,0,0,0,0,0,0,0,0,0,0,0,0,0,0,0,0,0,0,0,0,0,0,0,0,0,0,0,0,0,0,320,300,46144,66048,55539,64193,64829,55514,49745,17318,44110,52050,50750,0,0,0,0,0,0,0,0,0,0,0,0,0,0,4,0,0,0,0,0,0,0,0,0,0,0,0,0,0,0,0,0,0,23,28,0,36,203,203,371,405,365,260,1302,0,0,0,0,0,0,0,0,0,0,0,0,0,0,0,0,0,0,0,0,0,0,0,0,0,1,0,0,0,0,0,0,0,0,0,0,0,0,0,0,0,0,0,0,0,0,0,0,0,0,0,0,0,240,0
2704807,Maribondo,0,0,0,0,0,0,0,10,26,29,120,0,0,0,0,0,0,0,0,0,0,0,0,0,0,0,0,0,0,0,0,0,0,0,0,0,0,0,0,0,0,0,0,0,58,43,45,83,107,69,82,152,375,300,680,280,401,358,284,296,341,0,98,204,225,0,0,0,0,0,0,0,0,0,0,0,0,0,0,0,12,11,12,8,77,88,36,108,0,0,0,0,0,0,0,0,0,0,0,55,24,2,15,24,18,123,288,133,152,380,0,0,0,0,0,0,0,75,75,84,92,0,0,0,0,0,0,0,0,30,62,0,0,0,0,2,3,3,7,23,24,36,130,0,0,0,0,0,0,0,0,0,0,0,0,0,0,0,0,0,0,76,227,336,0
2704906,Mar Vermelho,0,0,0,0,0,0,0,0,0,0,0,0,0,0,0,0,0,0,0,0,0,0,6,9,0,0,0,0,0,0,0,0,0,0,0,0,0,0,0,0,0,0,0,0,52,46,22,81,116,77,59,202,118,118,43,140,200,179,0,0,0,0,0,0,0,0,0,0,0,0,0,0,18,34,24,33,36,0,0,0,0,0,0,6,22,7,20,25,0,0,0,0,0,0,0,0,0,0,0,28,17,0,15,19,22,0,75,106,38,38,0,0,0,0,0,0,0,0,0,0,0,0,0,0,0,0,0,0,0,0,0,0,0,0,0,2,0,3,6,30,5,9,13,0,0,0,0,0,0,0,0,0,0,0,0,0,0,0,0,0,0,0,0,0,0
2705002,Mata Grande,0,0,0,0,0,0,0,0,0,0,0,9,11,3,12,13,13,19,7,7,21,66,0,0,0,0,0,0,0,0,0,0,0,0,0,0,0,0,0,0,0,0,0,0,0,0,0,0,0,0,0,0,0,0,0,128,152,239,453,457,391,365,29,50,106,109,0,0,0,0,0,0,0,0,0,0,0,708,1005,19,115,130,9,0,416,0,187,294,0,0,0,0,0,0,0,0,0,0,0,450,231,200,225,228,5,373,506,784,633,1299,665,691,950,1264,1102,1308,1343,2398,2065,2464,5409,472,368,567,864,578,838,2457,1680,1785,2678,6336,172,152,2,0,13,0,0,58,0,4,409,0,0,0,0,0,0,0,0,0,0,0,774,840,1984,3232,2707,3539,1122,3476,8052,7111,10048
2705101,Matriz de Camaragibe,48,46,46,51,97,64,86,1330,2000,1500,720,0,0,0,0,0,0,0,0,0,0,0,0,0,0,0,0,0,0,0,0,0,0,0,0,0,0,0,0,0,0,0,0,0,14,14,0,0,0,0,126,315,315,315,315,25118,34911,30849,39878,34224,30581,27402,21900,33950,34702,30289,0,0,0,0,0,0,0,0,0,0,0,10,13,0,0,0,0,160,420,0,0,0,0,0,0,0,0,0,0,0,0,0,0,65,65,75,65,163,0,1020,2520,2790,1100,2454,0,0,0,0,0,0,0,400,700,640,360,0,0,0,0,0,0,0,0,0,0,0,7,10,0,0,0,0,0,0,0,0,0,0,0,0,0,0,0,0,0,0,0,0,0,0,0,0,0,0,0,0,0,0,0
2705200,Messias,0,0,0,0,46,130,105,180,210,375,372,0,0,0,0,0,0,0,0,0,0,0,0,0,0,0,0,0,0,0,0,0,0,0,0,0,0,0,0,0,0,0,0,0,35,40,0,38,0,45,45,45,45,60,100,20426,30050,25066,28972,29259,25055,22453,14100,16800,13487,9930,3,3,0,0,0,0,0,0,0,0,0,0,0,0,0,0,0,0,0,0,0,0,0,0,0,0,0,0,0,0,0,0,0,88,124,97,257,1921,1594,1690,2385,1885,560,571,0,0,0,0,0,0,0,0,0,0,14,0,0,0,0,0,0,0,0,0,0,0,0,0,0,0,0,0,0,0,0,0,0,0,0,0,0,0,0,0,0,0,0,0,0,0,0,0,0,0,0,0,0,0,0
2705309,Minador do Negrão,0,0,0,0,0,0,0,0,0,0,0,0,0,0,0,0,0,0,0,0,0,0,0,0,0,0,0,0,0,0,0,0,0,0,0,0,0,0,0,0,0,0,0,0,0,0,0,0,0,0,0,0,0,0,0,0,0,0,0,0,0,0,0,0,0,0,0,0,0,0,0,0,0,0,0,0,0,235,150,21,92,68,114,12,75,0,27,369,0,0,0,0,0,0,0,0,0,0,0,0,0,0,0,0,0,0,0,0,0,0,0,0,0,0,0,0,0,0,0,0,0,0,0,0,0,0,0,0,0,0,0,0,61,69,0,22,26,8,0,31,0,0,122,0,0,0,0,0,0,0,0,0,0,0,0,0,0,0,0,0,0,0,0,0,0
2705408,Monteirópolis,0,0,0,0,0,0,0,0,0,0,0,3,0,0,0,0,0,0,0,0,0,0,0,0,0,0,0,0,0,0,0,0,0,0,0,0,0,0,0,0,0,0,0,0,0,0,0,0,0,0,0,0,0,0,0,0,0,0,0,0,0,0,0,0,0,0,0,0,0,0,0,0,0,0,0,0,0,213,378,450,516,43,99,18,85,2,0,9,0,0,0,0,0,0,0,0,0,0,0,87,86,86,29,58,141,262,90,250,285,285,0,0,0,0,0,0,0,0,0,0,0,0,0,0,0,0,0,0,0,0,0,0,58,93,90,70,105,35,4,133,3,0,18,0,0,0,0,0,0,0,0,0,0,0,0,0,0,0,0,0,0,0,0,0,0
2705507,Murici,14,13,12,7,15,1800,1980,1734,3204,7700,6804,0,0,0,0,0,0,0,0,0,0,0,0,0,0,0,0,0,0,0,0,0,0,0,0,0,0,0,0,0,0,0,0,0,38,53,143,75,91,154,485,546,2100,1650,2600,30237,42784,44801,31699,46876,52243,47799,27625,18200,26283,25643,1,2,7,3,3,6,10,40,0,0,0,4,5,9,25,27,29,46,0,0,0,112,0,0,0,0,0,0,0,0,0,0,0,48,59,115,75,59,514,859,3600,5050,2625,3440,0,0,0,0,0,0,0,640,1350,1215,1350,0,0,0,0,0,0,0,0,0,0,0,0,1,1,5,5,6,28,86,250,181,259,0,0,0,0,0,0,0,0,0,0,0,0,0,0,0,0,0,0,0,0,0,0
2705606,Novo Lino,91,79,73,34,74,72,266,720,420,2600,2000,0,0,0,0,0,0,0,0,0,0,0,0,0,0,0,0,0,0,0,0,6,9,0,0,0,0,0,0,0,0,0,0,0,45,47,114,75,91,103,213,200,450,675,750,12974,18049,19187,13576,20076,22491,20679,21585,15180,8868,7964,2,4,14,3,3,3,0,0,0,0,0,29,32,58,39,45,32,87,0,0,32,32,0,0,0,0,0,0,0,0,0,0,0,99,99,237,161,125,326,212,900,1375,963,3150,0,0,0,0,0,0,0,45,45,200,200,0,0,0,0,0,0,0,0,0,0,0,6,10,7,7,7,9,12,0,32,17,200,0,0,0,0,0,0,0,0,0,320,400,0,0,0,0,0,0,0,0,0,0,0
2705705,Olho d'Água das Flores,0,0,0,0,0,0,0,0,0,0,0,0,0,0,0,0,0,0,0,0,0,0,0,0,0,0,0,0,0,0,0,0,0,0,0,0,0,0,0,0,0,0,0,0,0,0,0,0,0,0,0,0,0,0,104,0,0,0,0,0,0,0,0,0,0,0,0,0,0,0,0,0,0,0,0,0,0,649,512,63,420,64,165,9,22,8,139,35,0,0,0,0,0,0,0,0,0,0,0,79,79,89,32,79,41,48,79,480,60,110,0,0,0,0,0,0,0,0,0,0,0,0,0,0,0,0,0,0,0,0,0,0,72,215,4,42,19,38,2,28,3,21,43,0,0,0,0,0,0,0,0,0,0,0,0,0,0,0,0,0,0,0,0,0,0
2705804,Olho d'Água do Casado,0,0,0,0,0,0,0,0,0,0,0,10,3,1,7,6,5,0,0,0,6,6,0,0,0,0,0,0,0,0,0,0,0,0,0,0,0,0,0,0,0,0,0,0,0,0,0,0,0,0,0,0,0,0,0,0,0,0,0,0,0,0,0,0,0,0,0,0,0,0,0,0,0,0,0,0,0,870,1055,5,48,207,2,0,462,0,3,21,0,0,0,0,0,0,0,0,0,0,0,166,21,15,19,18,0,0,0,30,172,295,0,0,0,0,0,0,0,0,0,0,0,0,0,0,0,0,0,0,0,0,0,0,227,100,1,0,19,0,0,132,0,2,105,0,0,0,0,0,0,0,0,0,0,0,0,0,0,0,0,0,0,0,0,0,0
2705903,Olho d'Água Grande,0,0,0,0,0,0,0,0,0,0,0,0,0,0,0,0,0,0,0,0,0,0,0,0,0,0,0,21,10,25,66,108,224,0,0,0,0,0,0,0,0,0,0,0,0,0,0,0,0,0,0,59,27,39,99,0,0,0,0,0,0,0,0,0,0,0,3,3,3,3,2,9,5,6,10,9,20,142,124,91,73,97,45,9,41,22,31,18,0,0,0,0,0,0,0,0,0,0,0,202,229,216,384,145,106,229,345,307,140,206,0,0,0,0,0,0,0,0,0,75,50,0,0,0,0,0,0,0,0,0,0,0,61,89,41,34,40,33,8,151,9,33,97,0,0,0,0,0,0,0,0,0,0,0,0,0,0,0,0,0,0,0,0,0,0
2706000,Olivença,0,0,0,0,0,0,0,0,0,0,0,9,0,0,0,0,0,0,0,0,0,0,0,0,0,0,0,0,0,0,0,0,0,0,0,0,0,0,0,0,0,0,0,0,0,0,0,0,0,0,0,0,0,0,0,0,0,0,0,0,0,0,0,0,0,0,0,0,0,0,0,0,0,0,0,0,0,606,233,4,278,22,122,9,37,2,24,83,0,0,0,0,0,0,0,0,0,0,0,28,29,29,9,29,11,12,25,150,84,260,0,0,0,0,0,0,0,0,0,0,0,0,0,0,0,0,0,0,0,0,0,0,81,61,0,57,28,9,2,27,0,0,238,0,0,0,0,0,0,0,0,0,0,0,0,0,0,0,0,0,0,0,0,0,0
2706109,Ouro Branco,0,0,0,0,0,0,0,0,0,0,0,5,0,0,0,0,0,0,0,0,0,0,0,0,0,0,0,0,0,0,0,0,0,0,0,0,0,0,0,0,0,0,0,0,0,0,0,0,0,0,0,0,0,0,0,0,0,0,0,0,0,0,0,0,0,0,0,0,0,0,0,0,0,0,0,0,0,532,360,1,209,14,287,9,752,4,0,30,0,0,0,0,0,0,0,0,0,0,0,36,36,36,14,7,7,4,2,0,0,0,0,0,0,0,0,0,0,0,0,0,0,0,0,0,0,0,0,0,0,0,0,0,86,71,0,45,31,83,2,317,1,0,60,0,0,0,0,0,0,0,0,0,0,0,0,0,0,0,0,0,0,0,0,0,0
2706208,Palestina,0,0,0,0,0,0,0,0,0,0,0,0,0,0,0,0,0,0,0,0,0,0,0,0,0,0,0,0,0,0,0,0,0,0,0,0,0,0,0,0,0,0,0,0,0,0,0,0,0,0,0,0,0,0,0,0,0,0,0,0,0,0,0,0,0,0,0,0,0,0,0,0,0,0,0,0,0,136,80,0,385,22,5,9,20,2,4,0,0,0,0,0,0,0,0,0,0,0,0,14,4,0,3,3,2,0,4,32,13,26,0,0,0,0,0,0,0,0,0,0,0,0,0,0,0,0,0,0,0,0,0,0,33,19,1,102,70,22,2,0,0,0,0,0,0,0,0,0,0,0,0,0,0,0,0,0,0,0,0,0,0,0,0,0,0
2706307,Palmeira dos Índios,0,0,0,0,0,0,0,0,0,0,0,0,0,0,0,0,0,0,0,0,0,0,0,0,0,0,0,0,0,0,0,0,0,0,0,0,0,0,0,0,0,0,0,0,50,59,77,83,114,177,162,599,560,1304,2160,0,0,0,0,0,0,0,0,0,0,0,26,21,8,10,6,9,22,40,105,140,118,1296,499,89,623,449,710,177,437,183,778,2400,0,0,0,0,0,0,0,0,0,0,0,2088,2175,7425,4640,2423,1987,1651,510,1495,1219,3663,0,0,0,0,0,0,0,0,0,0,0,0,0,0,0,0,0,0,0,0,0,0,540,715,5,314,297,346,12,125,125,193,693,0,0,0,0,0,0,0,0,0,0,0,0,0,0,0,0,0,0,0,0,0,0
2706406,Pão de Açúcar,0,0,0,0,0,0,0,0,0,0,0,9,0,0,0,0,0,0,0,0,0,0,0,0,0,0,0,0,0,0,0,0,0,0,0,0,0,0,0,0,0,0,0,0,0,0,0,0,0,0,0,0,16,40,64,0,0,0,0,0,0,0,0,0,0,0,0,0,0,0,0,0,0,0,0,0,0,946,340,8,648,239,99,18,891,3,126,263,0,0,0,0,0,0,0,0,0,0,0,86,115,36,58,58,59,36,56,750,148,1000,0,0,0,0,0,0,0,75,75,85,119,0,0,0,0,0,0,0,0,0,0,0,313,57,1,74,56,53,2,98,1,46,375,0,0,0,0,0,0,0,0,0,0,0,0,0,0,0,0,0,0,0,0,0,0
2706422,Pariconha,0,0,0,0,0,0,0,0,0,0,0,6,3,1,8,11,10,12,8,4,4,10,0,0,0,0,0,0,0,0,0,0,0,0,0,0,0,0,0,0,0,0,0,0,0,0,0,0,0,0,0,270,137,579,618,24,26,43,71,73,71,57,42,60,58,53,0,0,0,0,0,0,0,0,0,0,0,905,841,14,23,181,43,0,182,0,116,23,0,0,0,0,0,0,0,0,0,0,0,510,222,233,270,273,39,508,672,566,316,434,0,0,0,0,0,0,0,580,209,211,4132,0,0,0,0,0,0,0,0,0,0,0,180,170,2,0,25,1,0,29,0,2,77,0,0,0,0,0,0,0,0,0,0,0,0,0,0,0,0,0,0,0,0,0,0
2706448,Paripueira,0,0,0,0,84,54,45,87,60,90,90,0,0,0,0,0,0,0,0,0,0,0,0,0,0,0,0,0,0,0,0,0,0,0,0,0,0,0,0,0,0,0,0,0,1,2,0,0,0,0,0,12,8,16,12,5112,7497,6274,7251,7323,7920,6611,3480,5760,7190,5635,0,0,0,0,0,0,0,0,0,0,0,8,10,0,0,0,0,0,0,0,3,0,0,0,0,0,0,0,0,0,0,0,0,140,134,118,300,45,36,45,90,48,120,120,0,0,0,0,0,0,0,0,0,0,0,0,0,0,0,0,0,0,0,0,0,0,0,0,0,0,0,0,0,0,0,2,2,0,0,0,0,0,0,0,0,0,0,0,0,0,0,0,0,0,0,0,0,0,0
2706505,Passo de Camaragibe,48,46,46,0,0,0,2500,7200,4000,3000,2880,0,0,0,0,0,0,0,0,0,0,0,0,0,0,0,0,0,0,0,0,0,0,0,0,0,0,0,0,0,0,0,0,0,13,13,0,25,237,266,178,160,144,144,147,21738,30241,26677,37155,37155,1723,2911,26640,34300,34168,29114,0,0,0,0,0,0,0,0,0,0,0,20,16,0,14,13,7,5,14,0,0,0,0,0,0,0,0,0,0,0,0,0,0,43,60,62,51,993,570,475,6480,4185,1628,6627,0,0,0,0,0,0,0,500,497,497,497,0,0,0,0,0,0,0,0,0,0,0,5,5,0,0,0,0,0,0,0,0,0,0,0,0,0,0,0,0,0,0,0,0,0,0,0,0,0,0,0,0,0,0,0
2706604,Paulo Jacinto,0,0,0,0,0,0,0,0,0,0,0,0,0,0,0,0,0,0,0,0,0,0,0,0,0,0,0,0,0,0,0,0,0,0,0,0,0,0,0,0,0,0,0,0,68,45,32,276,130,45,468,600,600,1344,1958,0,0,0,0,0,0,0,0,0,0,0,0,0,0,0,0,0,0,36,0,0,0,0,0,0,0,14,12,6,20,9,36,36,0,0,0,0,0,0,0,0,0,0,0,51,24,15,19,21,0,315,465,378,144,144,0,0,0,0,0,0,0,0,0,0,0,0,0,0,0,0,0,0,0,0,0,0,0,0,0,7,7,5,104,15,11,34,34,0,0,0,0,0,0,0,0,0,0,0,0,0,0,0,0,0,0,0,150,112,105
2706703,Penedo,660,788,1317,745,1615,994,6391,4500,2528,2024,2160,0,0,0,0,0,0,0,0,0,0,488,7,8,12,10,12,80,160,127,26,31,92,743,579,601,521,753,427,390,949,684,280,594,0,0,0,0,0,0,0,60,87,97,122,55224,76901,68398,73673,73303,119278,103218,101362,48750,55994,69437,0,0,0,0,0,0,4,4,15,9,52,115,96,78,39,60,66,61,460,252,318,413,0,0,0,0,0,0,0,0,0,0,0,495,288,231,461,539,1309,3574,11726,2794,1295,2996,12,12,13,12,60,90,42,450,820,532,574,0,0,0,0,0,0,0,0,0,0,0,21,33,17,15,20,30,50,154,194,110,128,0,0,0,0,0,0,0,0,0,0,0,0,0,0,0,0,0,0,306,600,1100,1100
2706802,Piaçabuçu,0,0,0,0,0,0,0,28,22,30,20,0,0,0,0,0,0,0,0,0,0,0,0,0,0,0,0,0,0,0,0,0,0,4,4,0,0,0,0,116,75,118,33,50,0,0,0,0,0,0,0,42,15,18,40,0,0,0,0,0,0,0,0,60,0,0,0,0,0,0,0,0,0,0,0,0,0,0,0,0,0,0,0,0,0,4,4,5,0,0,0,0,0,0,0,0,0,0,0,0,0,0,0,0,9,15,75,64,27,38,0,0,0,0,0,0,0,0,0,13,13,0,0,0,0,0,0,0,0,0,0,0,0,0,0,0,0,0,0,1,2,1,1,0,0,0,0,0,0,0,0,0,0,0,0,0,0,0,0,0,0,0,99,144,200
2706901,Pilar,0,0,0,0,0,0,0,0,0,0,21,0,0,0,0,0,0,0,0,0,0,0,0,0,0,0,0,0,0,0,0,0,0,0,0,0,0,0,0,0,0,0,0,0,0,0,0,14,0,0,0,30,160,64,64,21715,31332,26136,30208,30508,26124,23411,12360,17442,36775,32527,0,0,0,0,0,0,0,0,0,0,0,0,0,0,0,0,0,0,0,0,0,0,0,0,0,0,0,0,0,0,0,0,0,64,86,86,450,383,383,417,1350,990,315,1080,0,0,0,0,0,0,0,0,0,0,20,0,0,0,0,0,0,0,0,0,0,0,0,0,0,0,0,0,0,0,0,0,0,0,0,0,0,0,0,0,0,0,0,0,0,0,0,0,0,0,0,0,0,0,0
2707008,Pindoba,0,0,0,0,0,0,0,0,0,0,0,0,0,0,0,0,0,0,0,0,0,0,0,0,0,0,0,0,0,0,0,0,0,0,0,0,0,0,0,0,0,0,0,0,25,24,22,48,83,19,47,144,115,144,133,1852,2645,2366,2417,2519,1483,1301,1104,23,32,555,0,0,0,0,0,0,0,0,0,0,0,0,0,0,10,8,10,0,24,14,26,12,0,0,0,0,0,0,0,0,0,0,0,39,7,0,19,16,18,31,122,284,113,63,0,0,0,0,0,0,0,0,0,0,0,0,0,0,0,0,0,0,0,0,0,0,0,0,0,3,3,1,0,1,1,1,1,0,0,0,0,0,0,0,0,0,0,0,0,0,0,0,0,0,0,0,0,0,0
2707107,Piranhas,0,0,0,0,0,0,0,0,0,0,0,15,0,1,6,4,0,0,0,0,3,4,0,0,0,0,0,0,0,0,0,0,0,0,0,0,0,0,0,0,0,0,0,0,0,0,0,0,0,0,0,0,0,0,0,0,0,0,0,0,0,0,0,0,0,0,0,0,0,0,0,0,0,0,0,0,0,1053,773,5,34,351,2,0,511,0,192,361,0,0,0,0,0,0,0,0,0,0,0,0,0,0,0,0,0,0,0,4,32,30,0,0,0,0,0,0,0,39,27,56,59,0,0,0,0,0,0,0,0,0,0,0,179,128,1,0,59,0,0,190,0,49,440,0,0,0,0,0,0,0,0,0,0,0,0,0,0,0,0,0,0,0,0,0,131
2707206,Poço das Trincheiras,0,0,0,0,0,0,0,0,0,0,0,4,0,0,0,0,0,0,0,0,0,0,0,0,0,0,0,0,0,0,0,0,0,0,0,0,0,0,0,0,0,0,0,0,0,0,0,0,0,0,0,0,0,0,0,0,0,0,0,0,0,0,0,0,0,0,0,0,0,0,0,0,0,0,0,0,0,341,233,17,2198,600,397,225,895,9,41,360,0,0,0,0,0,0,0,0,0,0,0,13,14,29,29,29,26,42,130,126,42,416,0,0,0,0,0,0,0,0,0,0,0,0,0,0,0,0,0,0,0,0,0,0,68,536,39,75,206,140,2,412,2,2,563,0,0,0,0,0,0,0,0,0,0,0,0,0,0,0,0,0,0,0,0,0,0
2707305,Porto Calvo,34,32,32,36,140,91,84,400,700,1120,700,0,0,0,0,0,0,0,0,0,0,0,0,0,0,0,0,0,0,0,0,0,0,0,0,0,0,0,0,0,0,0,0,0,22,23,0,15,29,38,21,180,203,473,476,24786,34364,30417,31886,34285,29127,27001,28000,26149,24204,19118,0,0,0,0,0,0,0,0,0,0,0,25,22,0,24,22,14,11,20,15,23,23,0,0,0,0,0,0,0,0,0,0,0,268,240,210,0,0,0,0,480,490,242,350,67,68,0,68,90,90,158,300,440,410,410,0,0,0,0,0,0,0,0,0,0,0,24,23,0,26,0,0,0,0,32,0,0,0,0,0,0,0,0,0,0,0,0,0,0,0,0,0,0,0,0,0,80,0,0
2707404,Porto de Pedras,32,31,30,106,190,124,114,1200,900,1425,500,0,0,0,0,0,0,0,0,0,0,0,0,0,0,0,0,0,0,0,0,0,0,0,0,0,0,0,0,0,0,0,0,0,34,34,0,8,36,33,22,170,216,288,288,4950,6881,6196,6571,6929,5933,5499,14625,6170,16302,8401,0,0,0,0,0,0,0,0,0,0,0,17,10,0,20,18,11,12,36,24,4,4,0,0,0,0,0,0,0,0,0,0,0,26,26,29,73,52,65,36,2040,1750,1208,2760,0,0,0,0,0,0,0,200,320,342,320,0,0,0,0,0,0,0,0,0,0,0,10,12,0,0,0,0,0,0,0,0,0,0,0,0,0,0,0,0,0,0,0,0,0,0,0,0,0,0,0,0,0,0,0
2707503,Porto Real do Colégio,0,0,0,0,0,0,0,0,0,0,0,0,0,0,0,0,0,0,0,0,0,0,0,0,0,0,0,31,58,66,89,83,94,3055,2972,3066,2314,4807,4953,8303,10125,5869,7700,8102,1,2,4,4,6,12,83,112,66,95,132,540,792,660,774,573,678,586,152,60,0,0,1,3,2,1,2,2,5,2,5,9,8,101,134,118,66,97,183,126,294,37,195,144,40,35,40,25,0,0,0,13,136,224,306,675,686,583,922,1345,763,1831,4256,1240,1165,730,0,0,0,0,0,0,0,56,40,45,114,0,0,0,0,0,0,0,0,0,0,0,27,52,30,18,20,18,15,291,44,220,90,0,0,0,0,0,0,0,0,0,0,0,0,0,0,0,0,0,0,0,0,0,0
2707602,Quebrangulo,0,0,0,0,0,0,0,0,30,38,40,0,0,0,0,0,0,0,0,0,0,0,0,0,0,0,0,0,0,0,0,0,0,0,0,0,0,0,0,0,0,0,0,0,58,65,67,271,394,133,205,1020,1560,1613,2788,0,0,0,0,0,0,0,39,30,43,23,0,0,0,0,34,44,58,50,150,384,576,0,0,0,49,27,223,330,605,690,1250,1776,0,0,0,0,0,0,0,0,0,0,0,54,43,30,19,32,8,37,129,418,675,2021,0,0,0,0,0,0,0,0,0,0,0,0,0,0,0,0,0,0,0,0,0,0,0,0,0,6,647,1050,3136,847,847,1248,1904,0,0,0,0,0,0,0,0,0,0,0,0,0,0,0,0,0,0,0,126,127,152
2707701,Rio Largo,0,0,0,0,0,0,0,0,0,0,0,0,0,0,0,0,0,0,0,0,0,0,0,0,0,0,0,0,0,0,0,0,0,0,0,0,0,0,0,0,0,0,0,0,0,0,0,0,0,0,0,0,80,160,160,46416,67465,56008,64735,65377,55983,50165,38700,33931,39851,41916,0,0,0,0,0,0,0,0,0,0,0,0,0,0,0,0,0,0,0,0,0,0,0,0,0,0,0,0,0,0,0,0,0,33,43,43,238,306,555,168,540,540,270,270,0,0,0,0,0,0,0,20,10,20,20,0,0,0,0,0,0,0,0,0,0,0,0,0,0,0,0,0,0,0,0,0,0,0,0,0,0,0,0,0,0,0,0,0,0,0,0,0,0,0,0,0,0,0,0
2707800,Roteiro,0,0,0,0,0,0,0,0,130,150,100,0,0,0,0,0,0,0,0,0,0,0,0,0,0,0,0,0,6,0,2,2,2,0,0,0,0,0,0,0,0,0,0,0,0,0,0,0,0,0,20,150,80,75,68,24403,34637,32670,34917,33760,17154,14880,33016,15494,14276,12234,0,0,0,0,0,0,7,0,0,0,0,5,9,4,6,0,0,60,0,18,23,23,0,0,0,0,0,0,0,0,0,0,0,16,19,16,22,38,26,293,265,370,126,525,0,0,0,0,0,0,0,76,61,65,0,0,0,0,0,0,0,0,0,0,0,0,0,1,1,2,0,0,0,50,13,8,14,0,0,0,0,0,0,0,0,0,0,0,0,0,0,0,0,0,0,0,0,0,0
2707909,Santa Luzia do Norte,0,0,0,0,0,0,0,0,0,0,0,0,0,0,0,0,0,0,0,0,0,0,0,0,0,0,0,0,0,0,0,0,0,0,0,0,0,0,0,0,0,0,0,0,10,11,0,0,0,0,0,0,0,0,0,5058,7394,6207,7174,7246,6204,5559,2844,3630,3927,2883,0,0,0,0,0,0,0,0,0,0,0,0,0,0,3,0,0,0,0,0,0,0,0,0,0,0,0,0,0,0,0,0,0,44,43,0,1194,368,747,806,938,978,636,1099,0,0,0,0,0,0,0,0,0,0,0,0,0,0,0,0,0,0,0,0,0,0,0,0,0,0,0,0,0,0,0,0,0,0,0,0,0,0,0,0,0,0,0,0,0,0,0,0,0,0,0,0,0,0,0
2708006,Santana do Ipanema,0,0,0,0,0,0,0,0,0,0,0,22,12,0,0,0,0,0,0,0,0,0,0,0,0,0,0,0,0,0,0,0,0,0,0,0,0,0,0,0,0,0,0,0,0,0,0,0,0,0,0,0,0,0,0,0,0,0,0,0,0,0,0,0,0,0,0,0,0,0,0,0,0,0,0,0,0,1035,1678,42,1426,124,235,117,458,4,314,120,0,0,0,0,0,0,0,0,0,0,0,19,19,17,9,17,12,13,53,121,80,120,0,0,0,0,0,0,0,0,0,0,0,0,0,0,0,0,0,0,0,0,0,0,540,549,18,191,252,173,6,267,21,325,164,0,0,0,0,0,0,0,0,0,0,0,0,0,0,0,0,0,0,0,0,0,0
2708105,Santana do Mundaú,250,226,61,34,74,180,175,115,1080,1020,720,0,0,0,0,0,0,0,0,0,0,0,0,0,0,0,0,0,4,0,0,32,32,0,0,0,0,0,0,0,0,0,0,0,400,336,143,75,91,153,910,650,3500,2666,3510,361,518,544,385,569,646,605,344,36,68,70,11,17,14,6,5,11,20,63,80,66,66,142,26,47,28,31,36,42,88,18,19,20,0,0,0,0,0,0,0,0,0,0,0,323,185,317,217,168,482,771,1620,3350,1520,3200,0,0,0,0,0,0,0,100,225,200,240,0,0,0,0,0,0,0,0,0,0,0,0,0,0,6,5,15,4,0,25,60,98,0,0,0,0,0,0,0,0,0,0,0,0,0,0,0,0,0,0,0,0,250,250
2708204,São Brás,0,0,0,0,0,0,0,0,0,0,0,0,0,0,0,0,0,0,0,0,0,0,0,0,0,0,0,0,0,0,0,0,0,0,0,0,0,0,0,0,0,0,0,0,0,0,0,0,0,12,16,144,180,80,52,0,0,0,0,0,0,0,0,60,0,0,0,0,0,0,0,0,0,0,3,9,11,78,57,43,34,54,48,33,194,116,104,132,0,0,0,0,0,0,0,0,0,0,0,24,38,57,77,167,105,3150,9900,1160,784,1900,0,0,0,0,0,0,0,26,18,70,78,0,0,0,0,0,0,0,0,0,0,0,37,44,13,10,15,24,32,123,144,168,389,0,0,0,0,0,0,0,0,0,0,0,0,0,0,0,0,0,0,0,0,0,0
2708303,São José da Laje,99,63,61,34,74,167,149,384,750,563,375,0,0,0,0,0,0,0,0,0,0,0,0,0,0,0,0,0,0,0,0,0,0,0,0,0,0,0,0,0,0,0,0,0,208,133,333,175,212,361,539,80,680,1200,800,32243,44958,48119,34047,50348,66342,59126,97010,45600,58293,52354,8,9,35,15,13,3,4,0,100,100,100,38,31,52,31,33,41,26,0,0,48,48,0,0,0,0,0,0,0,0,0,0,0,257,108,203,134,102,298,212,1440,2700,900,1800,0,0,0,0,0,0,0,0,0,0,0,0,0,0,0,0,0,0,0,0,0,0,40,12,12,10,10,8,2,0,21,45,51,0,0,0,0,0,0,0,0,0,0,0,0,0,0,0,0,0,0,0,0,0,0
2708402,São José da Tapera,0,0,0,0,0,0,0,0,0,0,0,19,7,0,0,0,0,0,0,0,0,6,0,0,0,0,0,0,0,0,0,0,0,0,0,0,0,0,0,0,0,0,0,0,0,0,0,0,0,0,0,0,0,0,160,0,0,0,0,0,0,0,0,0,0,0,0,0,0,0,0,0,0,0,6,0,0,1124,663,0,987,343,273,45,600,0,189,300,0,0,0,0,0,0,0,0,0,0,0,40,40,40,20,30,11,18,8,90,60,108,0,0,0,0,0,0,0,0,0,0,225,0,0,0,0,0,0,0,0,0,0,0,82,318,0,183,73,0,2,210,67,19,1000,0,0,0,0,0,0,0,0,0,0,0,0,0,0,0,0,0,0,0,0,0,0
2708501,São Luís do Quitunde,47,42,46,81,180,117,108,525,900,1350,900,0,0,0,0,0,0,0,0,0,0,0,0,0,0,0,0,0,0,0,0,0,0,0,0,0,0,0,0,0,0,0,0,0,8,8,0,8,18,18,10,180,203,177,176,51357,71202,63024,66069,70480,62434,55945,72000,53226,65846,51581,0,0,0,0,0,0,0,4,4,5,5,16,16,0,18,23,9,8,500,150,0,0,0,0,0,0,0,0,0,0,0,0,0,118,145,158,0,0,0,4900,20000,13280,4140,8920,0,0,0,0,0,0,0,30,30,24,24,0,0,0,0,0,0,0,0,0,0,0,7,10,0,13,0,0,0,0,43,43,57,0,0,0,0,0,0,0,0,0,0,0,0,0,0,0,0,0,0,0,0,0,0
2708600,São Miguel dos Campos,0,0,0,0,0,0,38,150,78,108,113,0,0,0,0,0,0,0,0,0,0,0,0,0,0,0,0,0,3,5,2,2,6,0,0,0,0,0,0,0,0,0,0,0,0,0,0,0,0,0,50,15,80,120,150,87464,125188,114839,124930,106795,73985,64184,47250,77469,88980,88765,0,0,0,0,0,0,7,0,0,0,0,13,17,6,9,7,7,432,134,0,0,9,0,0,0,0,0,0,0,0,0,0,0,45,51,51,22,37,185,333,1750,1625,720,1380,0,0,0,0,0,0,11,76,53,68,56,0,0,0,0,0,0,0,0,0,0,0,1,2,5,5,3,4,73,136,120,202,218,0,0,0,0,0,0,0,180,210,273,252,0,0,0,0,0,0,0,0,100,125,75
2708709,São Miguel dos Milagres,32,29,30,34,1320,456,250,360,432,675,713,0,0,0,0,0,0,0,0,0,0,0,0,0,0,0,0,0,0,0,0,0,0,0,0,0,0,0,0,0,0,0,0,0,7,8,0,8,63,0,0,0,216,162,162,3712,5107,4647,4928,5197,4450,4126,6240,4218,5278,1980,0,0,0,0,0,0,0,0,0,0,0,11,11,0,12,23,22,18,45,90,116,12,0,0,0,0,0,0,0,0,0,0,0,26,26,29,36,216,275,180,636,800,842,870,0,0,0,0,0,0,0,10,0,136,136,0,0,0,0,0,0,0,0,0,0,0,3,4,0,5,0,0,0,0,0,0,0,0,0,0,0,0,0,0,0,0,0,0,0,0,0,0,0,0,0,0,0,0,0
2708808,São Sebastião,103,113,159,90,250,187,272,225,126,515,1183,0,1,0,0,0,0,0,0,0,0,0,18,18,31,24,34,118,320,961,2314,4140,3276,0,0,0,0,0,0,0,0,0,0,0,10,13,21,21,30,43,212,1050,1294,2220,4370,19278,27998,23107,27127,26991,16886,15019,12720,9600,9971,9600,3,3,3,3,4,6,10,6,10,10,12,371,191,154,116,154,101,113,700,297,576,684,707,389,563,330,234,96,192,99,1300,2760,3334,1890,3648,2754,3072,2796,2253,5238,8120,4714,6460,30709,0,0,0,0,0,0,0,20,19,266,338,0,0,0,0,0,0,0,0,0,0,0,116,110,62,35,45,52,249,274,105,220,1015,0,0,0,0,0,0,0,0,0,0,0,0,0,0,0,0,0,0,0,0,0,0
2708907,Satuba,0,0,0,0,0,0,0,0,0,0,0,0,0,0,0,0,0,0,0,0,0,0,0,0,0,0,0,0,0,0,0,0,0,0,0,0,0,0,0,0,0,0,0,0,6,7,0,0,0,0,0,0,0,0,0,2667,6109,5137,5938,5996,5135,4601,1854,6000,4492,3698,0,0,0,0,0,0,0,0,0,0,0,0,0,0,0,0,0,0,0,0,0,0,0,0,0,0,0,0,0,0,0,0,0,29,35,35,45,192,0,30,64,82,82,82,0,0,0,0,0,0,0,0,0,0,0,0,0,0,0,0,0,0,0,0,0,0,0,0,0,0,0,0,0,0,0,0,0,0,0,0,0,0,0,0,0,0,0,0,0,0,0,0,0,0,0,0,0,0,0
2708956,Senador Rui Palmeira,0,0,0,0,0,0,0,0,0,0,0,6,2,0,0,0,0,0,0,0,0,0,0,0,0,0,0,0,0,0,0,0,0,0,0,0,0,0,0,0,0,0,0,0,0,0,0,0,0,0,0,0,0,0,0,0,0,0,0,0,0,0,0,0,0,0,0,0,0,0,0,0,0,0,0,0,0,222,179,0,172,522,202,18,179,2,39,115,0,0,0,0,0,0,0,0,0,0,0,21,10,0,0,0,0,0,0,32,10,405,0,0,0,0,0,0,0,46,46,88,0,0,0,0,0,0,0,0,0,0,0,0,57,54,0,48,535,0,4,5,0,0,338,0,0,0,0,0,0,0,0,0,0,0,0,0,0,0,0,0,0,0,80,0,0
2709004,Tanque d'Arca,60,63,120,146,155,206,258,193,170,236,240,0,0,0,0,0,0,0,0,0,0,0,0,0,0,0,0,0,53,60,95,72,145,0,0,0,0,0,0,0,0,0,0,0,54,61,92,100,120,200,165,360,384,320,495,1528,2247,998,908,924,85,129,118,348,527,212,0,0,0,0,0,0,0,0,0,0,0,83,75,64,74,81,101,128,136,75,87,180,0,0,0,0,0,0,0,0,0,0,0,52,81,319,530,204,323,315,319,163,158,485,0,0,0,0,0,0,0,0,0,0,0,0,0,0,0,0,0,0,0,0,0,0,11,15,19,42,41,102,22,29,14,12,19,0,0,0,0,0,0,0,0,0,0,0,0,0,0,0,0,0,0,0,0,0,0
2709103,Taquarana,173,210,228,225,986,990,1971,1200,1323,1463,1260,0,0,0,0,0,0,0,0,0,0,0,41,71,49,252,180,180,422,639,1327,2487,3229,0,0,0,0,0,0,0,0,0,0,0,162,162,307,287,364,600,386,882,1235,3140,3523,705,957,998,660,440,546,785,742,162,484,330,20,14,8,10,6,5,14,10,35,20,28,2171,1295,1178,1184,1021,1590,6813,4525,3527,2049,3399,204,91,36,54,36,42,73,70,212,520,405,5400,6300,20182,24390,8340,9265,11204,16702,4550,2125,4230,0,0,0,0,0,0,0,0,0,0,0,0,0,0,0,0,0,0,0,0,0,0,396,596,144,557,538,922,640,1470,840,1815,2640,0,0,0,0,0,0,0,0,0,0,0,101,103,0,0,0,0,0,0,180,864,500
2709152,Teotônio Vilela,122,98,89,198,235,215,796,1500,1040,1980,2500,0,0,0,0,0,0,0,0,0,0,0,5,6,9,12,36,36,476,120,235,326,518,0,0,0,0,0,0,0,0,0,0,0,6,6,12,31,50,34,196,205,170,288,366,44268,63458,59263,62046,61256,44528,39027,34450,40626,48528,35721,0,0,0,0,0,0,0,5,1,4,1,573,614,394,632,391,1717,3339,500,638,1080,1250,0,0,0,0,0,0,0,4,20,18,6,201,182,218,400,179,7301,12250,16500,13500,6800,72450,44,48,0,57,180,780,315,400,675,630,6930,0,0,0,0,0,0,0,0,0,0,0,23,24,17,15,15,23,62,96,170,119,204,0,0,0,0,0,0,0,0,0,0,0,0,0,0,0,0,0,58,0,0,0,0
2709202,Traipu,0,0,0,0,0,0,0,0,0,0,0,36,17,0,0,0,0,0,0,0,0,0,0,0,0,0,0,0,0,0,0,0,0,0,0,0,0,0,0,0,0,0,0,0,0,0,0,0,0,0,0,36,102,180,76,0,0,0,0,0,0,0,0,0,0,0,0,0,0,0,0,0,0,0,0,0,0,1095,886,45,1350,847,252,110,800,137,405,360,43,24,24,24,24,132,78,345,500,720,810,750,918,4504,3200,2200,1400,2700,2993,2400,1575,7108,0,0,0,0,0,0,0,48,0,0,0,0,0,0,0,0,0,0,0,0,0,0,926,406,33,144,304,528,13,1397,0,90,195,0,0,0,0,0,0,0,0,0,0,0,0,0,0,0,0,0,0,0,0,175,0
2709301,União dos Palmares,828,146,98,161,333,1062,1428,2904,3000,4500,3300,0,0,0,0,0,0,0,0,0,0,0,0,0,0,0,0,0,0,240,450,480,567,0,0,0,0,0,0,0,0,0,0,0,456,456,1140,600,726,1198,1354,1815,1600,3525,5290,31612,45586,47377,33542,49046,54625,49352,58483,1680,2398,1200,20,19,35,9,8,17,36,158,50,74,110,428,251,289,115,126,156,139,375,40,79,143,0,0,0,0,0,0,0,0,0,0,0,240,158,624,454,351,1431,1874,3432,4960,2970,8550,0,0,0,0,0,0,0,75,53,350,360,0,0,0,0,0,0,0,0,0,0,0,28,30,29,27,26,29,7,0,80,40,70,0,0,0,0,0,0,0,0,0,0,0,0,0,0,0,0,0,0,0,0,1000,2100
2709400,Viçosa,77,48,137,57,158,131,263,205,180,300,312,0,0,0,0,0,0,0,0,0,0,0,0,0,0,0,0,0,0,28,0,0,0,0,0,0,0,0,0,0,0,0,0,0,105,95,87,268,181,190,702,1547,1274,1404,2246,3575,5056,4475,3217,4545,4938,4331,297,518,794,794,0,0,0,0,0,0,120,32,48,60,79,0,0,0,27,28,30,12,32,21,81,144,0,0,0,0,0,0,0,0,0,0,0,75,16,27,43,41,14,598,396,604,990,2150,0,0,0,0,0,0,0,62,72,81,176,0,0,0,0,0,0,0,0,0,38,47,0,0,0,0,15,14,10,30,75,120,165,0,0,0,0,0,0,0,0,0,0,0,0,0,0,0,0,0,0,200,0,100,102
